id;first_name;last_name;ip_address
1;Ruby;Garza;240.134.44.206
2;Aaron;Elliott;152.100.124.108
3;Justin;White;54.217.164.25
4;Kathy;Greene;112.221.92.2
5;Brenda;Edwards;159.144.119.50
6;Robert;Cole;47.175.7.236
7;Frank;Hawkins;26.182.27.77
8;Ralph;Clark;186.55.110.115
9;Victor;Hawkins;252.128.110.237
10;Cheryl;Wagner;128.87.92.19
11;Wanda;Gray;252.243.91.98
12;Bobby;Armstrong;235.110.197.148
13;Willie;Williamson;75.17.98.179
14;Timothy;Hanson;217.40.4.119
15;Judith;Alvarez;219.152.155.43
16;Lillian;Woods;57.138.49.87
17;Howard;Cox;29.223.85.94
18;Virginia;Lynch;224.153.125.155
19;Alan;Jones;76.69.121.152
20;Marilyn;Mason;36.89.189.61
21;Martha;Perez;85.28.180.112
22;Kenneth;Gonzalez;38.60.233.218
23;Denise;Boyd;182.72.170.16
24;Bonnie;Warren;0.238.53.99
25;Joyce;Murray;7.224.217.243
26;Frank;Burns;158.229.231.181
27;Christine;Garza;46.177.155.47
28;Stephen;Stewart;136.229.68.223
29;Marie;Clark;157.43.184.250
30;Lois;Evans;34.151.65.242
31;Alan;Watkins;12.12.172.171
32;Gregory;Alvarez;24.1.49.41
33;Howard;Hunt;63.154.71.123
34;Kevin;Dixon;124.154.188.92
35;Sara;Fox;223.175.1.129
36;John;Sanchez;51.150.34.63
37;Jessica;King;77.237.228.168
38;Jerry;Arnold;76.30.44.235
39;Clarence;Fox;242.175.220.251
40;Philip;Jones;189.66.147.232
41;Emily;Young;175.60.34.115
42;Annie;Mills;74.41.13.247
43;Gerald;Wallace;11.47.218.176
44;Kathryn;Taylor;11.75.168.167
45;Michael;Harrison;24.206.213.126
46;Phyllis;Miller;104.57.139.231
47;Kelly;Webb;217.146.12.148
48;Billy;Gardner;190.72.46.6
49;Joe;Morrison;91.9.221.184
50;Matthew;Gibson;221.132.88.103
51;Patricia;Bishop;103.153.108.134
52;Sandra;Grant;109.65.138.152
53;Anna;Hawkins;153.57.27.123
54;Robin;Turner;69.179.237.96
55;Julie;Sanchez;132.176.121.169
56;Norma;Howell;248.28.129.10
57;Elizabeth;Washington;30.116.17.91
58;Virginia;Palmer;186.155.86.221
59;Christine;Carpenter;90.86.200.151
60;Pamela;Lynch;119.213.105.8
61;Martha;Stone;225.107.149.140
62;Rose;Cunningham;86.52.129.76
63;Gary;Reid;107.36.89.133
64;Sarah;Reed;195.126.120.38
65;Jack;Hall;241.25.204.91
66;Kathryn;Richardson;187.250.104.180
67;Gloria;Stone;238.75.145.20
68;Jose;Rice;100.88.139.96
69;Ann;Green;172.58.215.103
70;Donna;Holmes;207.151.159.100
71;Sharon;Roberts;107.185.27.84
72;Gregory;Mcdonald;42.180.26.0
73;Eric;Shaw;76.241.21.74
74;Peter;Lewis;66.110.208.195
75;Jessica;Warren;212.236.26.104
76;Jessica;Mcdonald;134.217.202.75
77;Rachel;Cook;178.245.81.133
78;Philip;Hernandez;245.201.201.123
79;Deborah;Marshall;142.236.113.76
80;Thomas;Bishop;36.255.164.169
81;Annie;Grant;131.130.196.180
82;Sara;Welch;5.235.59.132
83;Paula;Scott;38.132.106.255
84;Eugene;Weaver;164.37.188.75
85;Ruth;Wheeler;164.120.108.236
86;Patricia;Bradley;227.54.125.67
87;Justin;Alexander;119.125.149.122
88;Ronald;Lynch;235.21.51.139
89;Carl;Frazier;5.246.251.64
90;Laura;Nguyen;153.161.23.217
91;Shawn;Sims;60.29.65.167
92;Billy;Burton;158.85.16.116
93;Judy;Bishop;81.137.69.50
94;Katherine;Stone;143.39.215.44
95;Brian;Wright;226.11.198.223
96;Dennis;Kelly;168.178.196.218
97;Sharon;Foster;45.246.192.180
98;Kathleen;Moore;245.227.226.134
99;Norma;Palmer;76.22.123.142
100;Rachel;Welch;44.110.25.49
101;Marie;Hughes;176.71.224.40
102;Rachel;Olson;22.157.244.201
103;Jessica;Spencer;219.157.42.55
104;Marilyn;Henderson;141.61.222.153
105;Shawn;Bowman;50.147.149.28
106;Jessica;Hanson;212.102.42.242
107;Shirley;Stanley;26.192.102.219
108;Larry;Tucker;154.80.55.14
109;Tina;Mccoy;168.240.227.78
110;Susan;Hughes;153.3.15.200
111;Cheryl;Bradley;216.42.186.232
112;George;Butler;214.96.0.91
113;Stephen;Austin;94.186.103.7
114;Ryan;Cox;35.126.23.101
115;Anthony;Bryant;63.88.80.228
116;Shawn;Gutierrez;255.82.92.200
117;Jose;Weaver;198.230.227.12
118;Richard;Olson;237.238.109.237
119;Christopher;Shaw;39.17.252.79
120;Kathryn;Carr;69.48.89.32
121;Frances;Schmidt;33.43.7.58
122;George;Ramirez;211.42.123.241
123;Susan;Gibson;201.151.69.41
124;Ryan;Roberts;117.164.167.165
125;Anna;Gibson;61.140.254.180
126;Pamela;Morris;188.249.67.96
127;Linda;Lawson;50.156.66.43
128;Kathryn;Howell;221.37.205.2
129;Mildred;Gibson;16.101.73.234
130;Craig;Lawson;106.62.22.113
131;Samuel;Watson;74.0.106.98
132;Jason;Nichols;233.217.77.23
133;Juan;Gilbert;251.199.20.88
134;Aaron;Berry;229.91.218.117
135;Irene;Gardner;99.135.148.108
136;Joe;Powell;14.255.227.149
137;Karen;Barnes;222.110.121.102
138;Joyce;Ross;254.93.80.58
139;Terry;Turner;186.48.154.76
140;Louis;Banks;130.193.83.140
141;Bobby;Howell;199.215.73.248
142;Bonnie;Gibson;70.65.193.223
143;Jane;Robertson;166.38.164.142
144;Jacqueline;Hill;108.237.89.205
145;Peter;Harris;59.122.185.141
146;Jack;Russell;240.63.61.22
147;Jeremy;Mills;79.95.253.42
148;Julia;Cole;112.121.59.54
149;Kathy;Lynch;107.203.171.189
150;Susan;Richards;156.29.59.135
151;Howard;Woods;224.68.92.23
152;Fred;Jenkins;75.193.196.174
153;Marie;Weaver;209.204.204.36
154;Michael;Washington;238.204.197.82
155;Martin;Frazier;130.171.50.86
156;Sarah;Roberts;170.146.186.198
157;Frank;Fernandez;131.37.225.50
158;Ralph;Martin;23.92.75.206
159;Maria;Ellis;144.39.115.246
160;Christopher;Ross;18.3.54.68
161;George;Perez;65.219.224.252
162;Harold;Hicks;238.252.101.144
163;Carl;Rose;236.149.222.180
164;Ashley;Campbell;189.23.152.145
165;Nancy;Little;169.76.4.47
166;Lisa;Barnes;171.90.154.121
167;Susan;Powell;202.150.235.222
168;Eugene;Freeman;9.232.175.82
169;Kenneth;Holmes;2.146.247.172
170;Steve;Fisher;46.71.172.83
171;Larry;Stone;237.20.1.194
172;Anna;George;27.29.147.45
173;Judy;Long;202.33.70.210
174;Howard;Dixon;74.189.196.187
175;Alan;Howell;30.176.132.215
176;Laura;Adams;218.249.63.140
177;Jose;Collins;28.45.225.77
178;Victor;Mcdonald;88.155.202.11
179;Heather;Johnston;117.126.32.245
180;Jose;Arnold;178.182.49.87
181;Scott;Collins;154.115.79.233
182;Fred;Stone;180.177.71.128
183;Catherine;Watkins;102.147.192.184
184;Douglas;Kelley;148.153.193.238
185;Victor;Frazier;135.54.192.151
186;Joshua;Hicks;251.150.75.179
187;Martin;Grant;72.213.89.176
188;David;Reed;189.188.117.8
189;Harold;Ross;21.215.106.151
190;Wayne;Gonzales;114.16.209.72
191;Janet;Kim;72.95.134.208
192;Carolyn;Thomas;249.123.159.124
193;Lillian;Wheeler;202.161.94.224
194;Irene;Dean;17.73.126.121
195;Julie;Thompson;99.206.118.197
196;James;Harper;143.123.159.11
197;Walter;Lawrence;221.7.135.45
198;Sean;Carroll;201.4.3.197
199;Christina;Davis;78.119.22.98
200;George;Parker;199.147.166.129
201;Jeremy;Thompson;189.99.108.9
202;Jesse;Morgan;184.229.0.248
203;Alan;Webb;100.223.5.173
204;Mark;Jenkins;151.99.207.107
205;Carol;Gutierrez;153.93.136.234
206;Maria;Young;90.209.64.110
207;Gary;Banks;55.89.116.69
208;James;Barnes;13.226.217.253
209;Russell;Reid;160.57.153.105
210;Jonathan;Ramirez;56.100.90.20
211;Sharon;Chavez;34.55.91.152
212;Kathy;Bailey;234.139.77.29
213;Johnny;Cruz;184.135.207.141
214;Larry;Garcia;10.47.84.38
215;Harry;Medina;255.250.54.2
216;Jack;Riley;46.181.85.151
217;Angela;Riley;119.35.45.102
218;Andrew;Ford;158.18.236.239
219;Judith;Chavez;161.189.75.227
220;Emily;Powell;70.68.201.180
221;Clarence;Stewart;71.174.63.20
222;Evelyn;Brown;108.71.32.177
223;William;Shaw;96.192.105.140
224;Shirley;Ellis;241.42.166.65
225;Ernest;Harvey;35.97.77.136
226;Peter;Boyd;88.218.254.33
227;Sandra;Wright;43.81.93.119
228;Bruce;Snyder;96.239.53.24
229;Carl;Fuller;76.72.10.4
230;Raymond;Gardner;124.138.89.141
231;Laura;Black;156.146.120.135
232;Marie;Anderson;232.42.97.194
233;Kevin;Phillips;178.65.197.127
234;Christina;Hart;77.176.62.87
235;Daniel;Burke;140.71.181.70
236;Douglas;Kelly;238.136.20.60
237;Christina;Mills;178.1.110.129
238;Jesse;Alexander;76.137.213.230
239;Jerry;Stanley;64.172.55.4
240;Irene;Long;231.208.204.226
241;Melissa;Bradley;164.97.168.249
242;Denise;Mendoza;247.70.19.208
243;Michelle;Bishop;114.16.92.48
244;Juan;Ferguson;249.235.140.246
245;Teresa;Medina;30.9.14.245
246;Terry;Kelly;119.157.17.147
247;Brenda;Boyd;115.175.61.245
248;Judith;Greene;102.137.12.195
249;John;Meyer;182.89.215.148
250;Anna;Johnston;9.196.173.152
251;Bonnie;Gray;162.189.211.107
252;Louise;Lane;203.213.114.51
253;John;Ward;69.152.93.244
254;Bonnie;Hansen;4.22.241.184
255;Ashley;Butler;202.81.18.106
256;Martha;Spencer;196.236.55.27
257;Jeremy;Greene;50.62.148.5
258;Dorothy;Parker;10.209.33.108
259;Virginia;Moreno;170.61.13.219
260;Karen;Meyer;98.75.83.158
261;Alice;Hughes;165.242.204.14
262;Thomas;Rogers;213.59.160.40
263;Jeremy;Willis;207.9.18.211
264;Lois;Howard;178.15.205.168
265;Harold;Mills;198.62.62.239
266;Ann;Lopez;48.151.228.229
267;Kelly;Gomez;4.72.147.185
268;Shirley;Brown;204.225.105.244
269;Jimmy;Thomas;122.194.166.103
270;Marie;Palmer;92.144.108.119
271;George;Kim;105.76.142.67
272;Shawn;Harris;138.147.65.169
273;Carlos;Hamilton;192.169.86.83
274;Brenda;Frazier;192.77.182.210
275;Joan;Fields;4.246.117.55
276;Todd;Graham;1.68.102.63
277;Aaron;Rivera;37.124.215.141
278;Martha;Weaver;222.143.63.184
279;Jimmy;Hall;110.95.15.64
280;Clarence;Ortiz;109.172.5.151
281;Janet;Ford;210.122.171.25
282;Jose;Burke;183.55.231.230
283;Maria;Armstrong;210.250.142.76
284;Michael;Lopez;155.69.31.220
285;Joe;Kennedy;85.39.52.213
286;Benjamin;Gomez;219.155.227.74
287;Robin;George;167.139.113.18
288;Sandra;Cook;7.250.78.14
289;Stephen;Burns;29.101.1.152
290;Martha;Ortiz;227.23.114.68
291;Lori;Howard;81.119.130.39
292;Howard;Castillo;211.29.10.175
293;Christina;James;128.136.134.93
294;Robin;Richardson;46.124.169.22
295;Randy;Robinson;144.56.223.247
296;Kelly;Spencer;186.113.204.22
297;Julie;Dean;248.45.146.151
298;Teresa;Berry;232.83.223.29
299;Craig;Hudson;205.173.241.5
300;Gerald;Wheeler;80.208.248.154
301;John;Price;170.167.85.74
302;Mildred;Fields;81.71.100.111
303;Donald;Morrison;180.224.247.109
304;Ann;Jordan;161.85.211.51
305;Carolyn;Hill;151.25.172.85
306;Robin;Baker;91.236.115.85
307;Diane;Warren;138.124.139.248
308;Chris;Gordon;105.57.66.81
309;Steve;Montgomery;140.159.5.99
310;Betty;Welch;46.124.151.218
311;Jack;Burns;235.62.34.171
312;Andrew;Martinez;100.114.135.221
313;Jimmy;Kelly;63.215.193.61
314;Antonio;Hall;236.105.252.6
315;Phillip;Perez;108.222.105.186
316;Judy;Foster;78.47.226.145
317;Charles;Stanley;122.74.114.163
318;Jane;Diaz;63.101.42.38
319;Johnny;Graham;101.126.90.211
320;Kathryn;Rice;57.1.172.172
321;Brian;Phillips;135.203.12.223
322;Christine;Bailey;229.218.155.155
323;Bobby;Gonzales;94.226.198.112
324;Paul;Sanders;125.107.25.190
325;Janice;Rice;62.251.146.28
326;Daniel;Cox;200.245.25.49
327;Juan;Fox;171.213.68.69
328;Joshua;Daniels;225.91.104.153
329;Kathy;Alexander;152.172.128.120
330;Ronald;Carpenter;27.39.113.109
331;Laura;Morgan;223.150.60.199
332;Bonnie;Perez;195.172.96.178
333;David;Gilbert;184.148.30.218
334;Benjamin;Owens;109.109.73.192
335;Julia;Dean;121.218.191.110
336;Michael;Baker;128.175.53.62
337;Lisa;Little;157.38.230.199
338;Randy;Burns;59.229.159.143
339;Brenda;Collins;52.129.13.168
340;Evelyn;Hayes;4.152.151.212
341;Joseph;Duncan;27.45.100.63
342;Carol;Webb;26.91.92.39
343;Kelly;Rice;119.131.188.118
344;Justin;Smith;140.140.230.88
345;Jack;Carroll;159.2.136.169
346;Joe;Duncan;127.176.56.176
347;Roy;Hernandez;117.220.161.54
348;Patricia;Frazier;5.54.179.205
349;Karen;Harvey;114.123.178.16
350;Anthony;West;125.13.102.104
351;Louise;Hunter;91.227.4.177
352;Mark;Mitchell;20.172.17.148
353;Ralph;Phillips;5.229.141.92
354;Martin;Campbell;153.246.71.193
355;Billy;Kennedy;76.211.42.30
356;Judy;Lewis;219.91.218.152
357;Brandon;Simpson;145.192.112.87
358;Patricia;Dixon;127.44.120.59
359;Diane;Gonzales;7.195.245.231
360;Benjamin;Wilson;95.1.128.26
361;Debra;Reed;130.66.249.40
362;Ralph;Crawford;202.81.180.21
363;Ryan;Alvarez;48.179.226.178
364;Amy;Ford;69.150.224.74
365;Christopher;Hill;85.22.249.114
366;Charles;Graham;67.91.133.80
367;Benjamin;Fox;203.194.192.207
368;Ashley;Nichols;16.91.232.203
369;Lisa;Lopez;215.42.112.230
370;Barbara;Lane;6.87.216.63
371;Joe;Hernandez;188.208.12.121
372;Irene;Ferguson;35.211.16.245
373;Linda;Russell;247.210.106.250
374;Eric;Greene;6.47.137.28
375;Rebecca;Taylor;63.94.132.73
376;Laura;Richards;177.185.113.139
377;Jane;Andrews;45.126.31.135
378;Willie;Mendoza;183.90.197.161
379;Adam;Gibson;189.39.214.245
380;Martin;Warren;210.38.255.26
381;Alan;Morales;61.39.104.197
382;Charles;Richardson;102.87.60.119
383;Victor;Allen;64.56.18.216
384;Martin;Ray;157.112.208.52
385;Joe;Hamilton;155.165.137.32
386;Denise;Taylor;35.55.226.88
387;Jesse;Hawkins;64.251.253.145
388;Marilyn;Myers;144.135.163.50
389;Bonnie;Bailey;17.175.40.117
390;Terry;Dean;31.13.232.136
391;Mildred;Patterson;101.225.177.122
392;George;Hawkins;166.247.215.93
393;Howard;Marshall;27.81.149.225
394;Katherine;Jackson;130.125.109.223
395;Maria;Black;92.51.206.203
396;Lisa;Ramirez;101.227.24.193
397;Gregory;Hudson;23.59.215.222
398;Howard;Rice;221.4.48.207
399;Benjamin;Elliott;132.228.112.110
400;Kelly;Hansen;78.42.237.181
401;Sandra;Lopez;236.235.199.214
402;Clarence;Riley;253.135.170.163
403;Joseph;Jackson;249.252.83.78
404;Eric;Wood;179.171.152.18
405;Amanda;Marshall;92.73.22.200
406;Martha;Alvarez;221.127.211.126
407;Joshua;Welch;231.46.222.103
408;William;Diaz;44.94.130.32
409;Aaron;Hart;22.195.135.85
410;Deborah;Alvarez;107.119.102.9
411;Lois;Harris;88.164.138.33
412;Ruth;Stone;62.112.150.176
413;Jane;Fields;56.10.117.116
414;Anthony;Burton;188.219.170.177
415;Timothy;Carr;226.31.144.254
416;Jacqueline;Hayes;251.156.208.92
417;Jerry;Holmes;30.33.96.61
418;Anne;Harris;49.180.180.250
419;Bobby;Dunn;200.41.122.133
420;Patricia;Campbell;206.205.125.36
421;Rebecca;Carr;12.135.171.227
422;Juan;Burke;252.178.229.140
423;Carl;Parker;54.25.35.66
424;Patrick;Wallace;153.148.7.99
425;Barbara;Bryant;120.4.201.156
426;Gloria;Bennett;43.152.162.208
427;Philip;Hayes;241.250.59.20
428;Roger;Webb;60.185.26.193
429;Joe;James;216.96.161.53
430;Janet;Diaz;163.9.154.69
431;Clarence;Mills;115.72.35.252
432;Harold;Andrews;201.41.146.91
433;Adam;Rivera;158.55.2.66
434;Anthony;Grant;246.144.148.92
435;Stephen;Hill;255.70.57.243
436;Ryan;Baker;211.252.253.28
437;Thomas;Rogers;249.167.149.126
438;Tammy;Roberts;60.1.172.178
439;Eric;Burke;46.46.101.26
440;Gloria;West;11.197.91.77
441;Randy;Spencer;140.38.166.163
442;Antonio;King;21.200.255.195
443;Janice;Bowman;191.109.125.238
444;Todd;Gonzalez;188.35.246.210
445;Stephen;Edwards;42.13.171.39
446;Joan;Rogers;152.106.15.248
447;Diana;Cox;16.177.126.102
448;Andrea;Lynch;117.125.194.77
449;Emily;Kim;22.183.251.42
450;Tina;Day;75.198.74.144
451;Patrick;Morris;57.89.32.149
452;Matthew;James;159.95.213.148
453;Douglas;Jackson;183.176.137.118
454;Rose;Williamson;133.29.44.36
455;Roger;Carter;244.245.163.139
456;Maria;Cook;158.212.0.7
457;Howard;Larson;82.21.172.57
458;Donna;Gordon;248.2.229.189
459;Mildred;Coleman;198.194.137.78
460;Janice;Collins;106.45.35.3
461;Gloria;Cole;90.126.0.197
462;Anne;Rose;127.217.171.190
463;Jose;Bell;15.179.134.86
464;Margaret;Burke;214.66.36.120
465;Helen;Hunt;226.168.69.9
466;Kelly;Fowler;110.77.10.176
467;Eric;Campbell;80.103.203.88
468;Martin;Howell;206.240.11.29
469;Andrea;Holmes;56.182.133.159
470;Marie;Harper;167.46.220.157
471;Susan;Barnes;125.54.10.47
472;Edward;Nelson;92.250.237.249
473;Joan;Holmes;55.57.245.200
474;Patricia;Larson;118.186.211.71
475;Kathy;White;16.104.74.107
476;Amy;Allen;189.225.45.54
477;Lois;Kelley;163.243.98.166
478;Jean;Ray;127.193.245.209
479;Earl;Welch;136.193.82.156
480;Dennis;Stewart;32.32.134.193
481;Christopher;Thompson;231.110.85.130
482;Alice;Ward;41.204.161.181
483;Lillian;Miller;193.102.252.174
484;Kathleen;Snyder;195.171.59.73
485;Patricia;Ryan;110.213.141.59
486;Tina;Evans;196.160.85.210
487;Frank;Miller;170.3.217.201
488;Frances;Spencer;127.240.250.79
489;Anne;Watkins;103.43.72.152
490;Sara;Rice;11.115.30.95
491;Sara;Hunter;253.185.252.4
492;George;Olson;32.131.199.108
493;Marilyn;Robinson;213.8.134.166
494;Donna;Arnold;34.179.203.253
495;Frank;Chavez;159.104.232.228
496;Harold;Fox;205.165.54.230
497;Brandon;Burns;123.161.153.241
498;Donald;Hamilton;189.236.146.193
499;Teresa;Hughes;184.64.60.174
500;Benjamin;Gray;20.131.101.17
501;Ronald;Frazier;120.18.67.124
502;Lillian;Reynolds;146.231.194.185
503;John;Hayes;146.114.110.32
504;Judy;Fox;28.14.16.173
505;Martha;Patterson;183.102.121.231
506;Catherine;Burton;24.25.39.154
507;Louise;Harvey;150.139.146.54
508;Sharon;Gordon;210.107.26.25
509;Virginia;Lawson;64.138.68.26
510;Thomas;Parker;95.59.173.24
511;Ernest;West;139.50.238.79
512;Clarence;Knight;61.196.88.213
513;Shawn;Peters;79.52.104.95
514;Susan;Sullivan;243.201.23.72
515;Brian;Coleman;58.95.15.186
516;Gary;Powell;120.23.217.180
517;Sara;Oliver;175.121.215.237
518;Christine;Fisher;237.88.72.109
519;Evelyn;George;40.34.226.204
520;Phillip;Porter;41.170.206.241
521;Catherine;Garcia;223.145.231.138
522;Earl;Fox;170.0.70.78
523;Gloria;Chapman;175.118.228.80
524;Gerald;Watson;196.15.164.7
525;Robin;Watson;160.96.91.84
526;Julia;Peterson;52.179.17.54
527;Laura;Jordan;86.119.95.196
528;Sharon;Henry;75.35.244.208
529;Johnny;Alexander;156.4.147.84
530;Amanda;Spencer;19.53.254.23
531;Eric;Willis;85.130.2.124
532;Joan;Larson;4.208.243.157
533;Virginia;Perez;124.81.14.119
534;Rachel;Boyd;120.62.216.246
535;Carol;Snyder;131.116.145.171
536;Helen;Wright;37.46.141.169
537;Robin;Lynch;216.136.68.69
538;Christine;Thompson;99.128.136.177
539;Joshua;Hawkins;116.141.95.148
540;Ashley;Boyd;35.149.105.233
541;Kathy;Sullivan;113.0.135.96
542;Rachel;Moore;235.220.122.26
543;Phillip;Gomez;245.175.241.180
544;Beverly;Sims;0.48.166.161
545;Gary;Austin;192.253.65.91
546;Albert;Thomas;239.7.132.171
547;Jerry;Johnston;132.33.28.244
548;Roy;Dixon;237.107.168.219
549;Denise;Peters;223.114.125.43
550;Thomas;Harris;170.73.232.233
551;Sarah;Sims;236.238.239.98
552;Christine;Henderson;202.20.194.181
553;Daniel;Hall;41.253.179.42
554;Albert;Moore;202.36.64.144
555;Jacqueline;Harvey;110.73.212.222
556;Jason;Davis;167.23.147.31
557;Charles;Gonzalez;214.49.126.204
558;Nicholas;Freeman;250.153.227.39
559;Chris;George;113.199.145.149
560;Anthony;Morris;151.150.96.223
561;Shirley;Marshall;39.46.243.74
562;Jeremy;Brown;42.17.246.92
563;Jessica;Gomez;38.49.41.96
564;Cynthia;Mason;140.147.88.39
565;Craig;Johnson;91.131.208.225
566;Steve;Shaw;87.164.91.145
567;Virginia;Morgan;14.156.252.79
568;Victor;Frazier;19.69.202.219
569;Howard;Morris;4.102.200.75
570;Sarah;Holmes;199.5.198.249
571;Antonio;Kelley;55.5.160.236
572;Donald;Jacobs;37.167.234.238
573;Phyllis;Castillo;255.40.200.156
574;Lois;Holmes;211.132.178.57
575;Linda;Mason;55.210.136.43
576;Nicole;Fernandez;8.43.80.211
577;Sara;Richardson;94.154.15.191
578;Phillip;Williamson;246.187.247.244
579;Victor;Alvarez;47.76.7.124
580;Benjamin;Hanson;179.127.202.159
581;Rose;Riley;44.189.38.136
582;Kevin;Burke;115.156.124.198
583;Howard;Freeman;198.194.151.85
584;Albert;Daniels;236.228.54.43
585;Ruth;Crawford;231.219.131.194
586;Christine;Russell;21.247.218.67
587;Wayne;Robinson;239.4.39.213
588;Frank;Hill;49.148.196.46
589;Christina;Hansen;154.27.240.239
590;Joe;Banks;249.147.211.7
591;Phyllis;Watson;187.114.104.123
592;Tammy;Kennedy;218.55.88.2
593;Jeremy;Hill;113.101.72.206
594;Shawn;Fernandez;97.140.124.213
595;Denise;Bailey;147.241.246.43
596;Lillian;Gonzalez;99.166.113.60
597;Helen;Scott;191.196.1.185
598;David;Johnson;236.207.210.253
599;Kimberly;Barnes;240.142.75.221
600;Judy;Henderson;141.154.245.243
601;Douglas;Reyes;186.25.69.151
602;Sharon;Burton;129.50.19.43
603;Joan;Graham;178.236.244.251
604;Jack;Carr;247.221.183.213
605;Paul;James;34.8.152.59
606;Alice;Mendoza;141.52.64.160
607;Tina;Welch;77.89.57.61
608;Roger;Bradley;46.197.109.92
609;Phillip;Porter;198.86.32.196
610;Benjamin;Matthews;233.189.69.68
611;Marilyn;Schmidt;171.128.243.70
612;Tammy;Stanley;235.80.98.99
613;Jean;George;204.163.160.14
614;Pamela;Tucker;0.11.145.23
615;Anna;Woods;145.94.122.26
616;Roy;Roberts;191.115.168.179
617;Alice;Ross;109.84.18.77
618;Douglas;Sullivan;250.76.166.65
619;Timothy;Lynch;228.189.175.55
620;Daniel;Ross;103.227.180.10
621;Eric;Hunter;87.212.222.75
622;Katherine;Montgomery;171.188.131.37
623;Steve;Snyder;254.183.243.52
624;Shawn;Kennedy;79.24.137.144
625;Helen;Ryan;37.79.225.46
626;Ann;Hart;212.195.32.103
627;Virginia;White;149.18.4.160
628;Carol;Perkins;154.9.176.233
629;Irene;Brooks;203.61.90.31
630;Betty;Carter;227.146.140.68
631;Benjamin;Anderson;133.150.201.21
632;Joyce;Mitchell;255.134.106.241
633;Harry;Lawrence;86.155.186.39
634;Gloria;Kelley;186.41.226.22
635;Joyce;Morrison;186.225.106.90
636;Keith;Hernandez;83.172.77.95
637;Patrick;Jackson;57.15.150.154
638;Charles;Romero;249.86.239.154
639;John;Watkins;51.66.107.189
640;Charles;Vasquez;7.188.139.21
641;Patricia;Perry;180.38.75.34
642;Christina;Campbell;20.197.231.218
643;Howard;Grant;186.6.182.97
644;Catherine;Gray;94.63.154.20
645;Debra;George;224.239.170.80
646;Ashley;Duncan;206.77.255.17
647;Marilyn;Reyes;48.119.73.164
648;Henry;Carter;35.132.224.224
649;Harold;Porter;4.214.48.97
650;Ann;Smith;120.9.180.100
651;Matthew;Miller;57.178.34.244
652;Stephen;Lee;188.132.95.249
653;Judy;Wagner;73.194.147.236
654;Steven;Lee;130.118.141.83
655;Beverly;Smith;234.240.208.61
656;Roger;Perry;19.211.28.215
657;Brian;Willis;213.29.64.34
658;James;Freeman;177.171.56.129
659;Christopher;Hughes;145.175.165.230
660;Rebecca;Powell;195.179.140.144
661;Judy;Washington;216.34.109.69
662;Brandon;Williams;36.225.239.24
663;Brian;Ruiz;251.203.234.136
664;Nancy;Olson;120.4.201.170
665;Christine;Turner;118.89.0.138
666;Dennis;Dixon;74.122.178.215
667;Kathy;Perez;48.163.60.100
668;Pamela;Hill;52.19.206.112
669;Patrick;Williamson;52.174.224.183
670;Dennis;King;6.176.189.62
671;Ronald;Stone;41.139.64.8
672;Joyce;Murray;141.180.151.50
673;Stephen;Carter;85.177.184.1
674;Patricia;Hill;153.183.74.15
675;Christina;Howell;14.72.125.79
676;Dennis;Ramos;234.193.215.191
677;Charles;Coleman;204.116.13.208
678;Jane;Thomas;51.71.35.16
679;Jeffrey;Gray;60.111.197.201
680;Andrea;Bell;164.175.110.23
681;Evelyn;Russell;175.50.54.124
682;Andrea;Robinson;219.200.36.236
683;Stephen;West;233.227.184.239
684;Brian;White;178.64.217.149
685;Ryan;Spencer;154.135.95.111
686;Pamela;Crawford;39.136.100.248
687;Brian;Harrison;2.165.81.110
688;Susan;Hawkins;10.57.62.4
689;Christopher;Rose;248.205.7.35
690;Martin;Nichols;43.53.133.100
691;Elizabeth;Wallace;50.206.180.213
692;Sean;George;53.24.226.94
693;Jeffrey;Williamson;208.251.176.145
694;Judith;Dunn;114.228.113.108
695;Annie;Ramirez;70.109.129.124
696;Gregory;Kelley;160.247.40.114
697;Philip;Phillips;204.107.114.217
698;John;Griffin;212.197.35.19
699;Ruth;Mccoy;27.46.55.237
700;Justin;Thompson;226.123.96.43
701;Harold;Foster;30.99.9.91
702;Russell;Clark;190.61.169.129
703;Mark;Brown;26.76.107.172
704;Pamela;Henry;66.91.36.189
705;Carolyn;Morales;119.47.234.19
706;Chris;Rivera;99.53.40.61
707;Steve;Crawford;197.244.237.105
708;Bobby;Lynch;51.22.90.105
709;Judith;Payne;95.4.193.79
710;Roger;Nguyen;28.246.49.105
711;Dennis;Phillips;157.213.241.195
712;Mildred;Hughes;182.99.22.80
713;Theresa;Ray;139.153.29.214
714;Julie;Brown;220.207.127.182
715;Nicole;Brown;36.62.217.28
716;Sara;Martinez;46.69.85.29
717;Jacqueline;Wilson;128.24.80.249
718;Justin;Long;137.20.149.123
719;Anthony;Reynolds;134.52.161.215
720;Virginia;Franklin;124.103.62.63
721;Shawn;Wheeler;250.127.165.128
722;Joyce;Stewart;105.244.94.9
723;Charles;Freeman;200.42.251.214
724;Edward;Wright;221.179.231.112
725;Dorothy;Hayes;89.158.166.235
726;Jason;Bell;0.243.54.80
727;Gary;Hill;206.60.34.208
728;Billy;Hernandez;206.215.206.101
729;Stephen;Morales;152.58.237.231
730;Roy;Mccoy;155.49.228.18
731;Jennifer;Smith;133.73.101.161
732;Phyllis;Carroll;203.231.138.141
733;Andrew;Bennett;144.211.62.18
734;Maria;Thomas;90.62.233.152
735;Joe;Fowler;231.10.193.133
736;Julie;Chavez;104.210.178.236
737;Eric;Freeman;75.63.230.111
738;Emily;Rogers;186.13.188.128
739;Jose;Nichols;159.220.237.69
740;Roger;Larson;35.220.176.160
741;Jonathan;Ross;33.40.17.163
742;Margaret;Garza;18.37.83.154
743;Benjamin;Ruiz;71.193.110.232
744;Martin;Arnold;131.46.145.64
745;Paula;Dixon;152.4.249.23
746;Clarence;Howell;13.15.190.109
747;Jose;Robertson;255.189.118.226
748;Todd;Ray;56.27.170.240
749;Katherine;Chapman;210.105.3.235
750;Judy;Bradley;203.246.243.242
751;Thomas;Morris;92.221.218.60
752;Adam;Webb;95.157.35.201
753;Emily;Kelley;100.49.137.66
754;Henry;Henderson;82.168.218.32
755;Marie;Ferguson;53.140.75.216
756;Eugene;Matthews;231.50.49.140
757;Jack;Kennedy;1.239.78.244
758;Jeremy;Fields;52.53.21.177
759;Arthur;Greene;119.14.83.92
760;Sandra;Riley;131.174.89.242
761;Rose;Bell;61.56.48.150
762;Sean;Banks;77.168.116.141
763;Christina;Rice;239.223.91.12
764;Helen;Butler;94.59.168.41
765;Steve;Phillips;97.185.114.199
766;Brenda;Ross;252.16.241.20
767;Edward;Taylor;21.166.131.252
768;Richard;Henry;155.146.75.175
769;Elizabeth;Miller;54.38.95.108
770;Justin;Ross;61.254.140.46
771;Carol;Elliott;90.226.101.151
772;Paul;Garrett;174.232.57.253
773;Ashley;Woods;12.137.58.17
774;Aaron;Patterson;245.8.150.217
775;Ann;Tucker;176.43.223.186
776;Johnny;Warren;240.97.138.188
777;Betty;Jordan;243.77.198.159
778;Andrew;Mitchell;85.46.139.122
779;Ashley;Williamson;0.25.152.4
780;Nancy;Chavez;32.47.229.202
781;Randy;Palmer;103.14.146.101
782;Kimberly;Roberts;79.69.121.143
783;Shirley;Collins;212.206.90.139
784;Susan;Morris;46.149.237.153
785;Denise;Parker;196.132.1.172
786;Chris;Marshall;158.230.182.123
787;Cheryl;Hicks;234.95.61.138
788;Steve;Marshall;50.163.213.71
789;Randy;Fields;70.130.95.172
790;Margaret;George;247.66.87.141
791;Jerry;Moore;33.213.40.210
792;Cheryl;Stephens;38.52.20.136
793;Henry;Collins;239.232.128.96
794;Susan;Garrett;105.117.68.36
795;Betty;Gonzalez;44.133.161.211
796;Mildred;Adams;76.149.183.215
797;Paula;Myers;28.204.88.86
798;Virginia;Olson;196.192.84.117
799;Sara;Bryant;204.105.55.160
800;Frank;Coleman;193.232.92.45
801;Denise;Banks;54.68.166.83
802;Patrick;Davis;124.202.124.84
803;Jane;Hunter;145.165.124.117
804;Alice;Burns;57.102.83.13
805;Kathleen;Nelson;191.116.170.173
806;Laura;Welch;72.146.188.12
807;Russell;Grant;50.22.209.155
808;Jerry;Little;204.165.213.124
809;Kathy;Medina;251.154.112.151
810;Lillian;Austin;83.232.58.213
811;George;Ramirez;6.88.51.208
812;Bobby;Wallace;180.176.173.204
813;Marie;Roberts;147.191.128.21
814;Craig;Hamilton;222.110.88.126
815;Virginia;Howard;211.145.183.38
816;Charles;King;212.127.97.66
817;Billy;Long;209.189.190.35
818;Irene;Harvey;91.201.17.180
819;Bobby;Mcdonald;160.76.161.205
820;Jose;Howard;135.224.175.164
821;Eugene;Payne;199.5.47.94
822;Randy;Carr;160.243.24.98
823;Nicholas;Harvey;230.144.69.75
824;Russell;Johnson;90.138.155.247
825;Brandon;Harris;170.142.116.3
826;Charles;Reyes;11.195.58.210
827;Stephen;Martinez;120.28.72.13
828;Nancy;Wells;142.1.26.189
829;Elizabeth;Williamson;168.190.116.87
830;Sarah;Stanley;72.216.115.206
831;Anna;Henderson;11.20.219.93
832;Christopher;Jacobs;160.211.223.140
833;Kathleen;Elliott;190.211.144.227
834;Justin;Freeman;222.81.113.62
835;Sharon;Moore;194.2.76.3
836;Shirley;Perkins;244.41.250.130
837;Tina;Burton;208.18.237.94
838;Debra;Greene;171.93.189.44
839;Aaron;Morris;229.217.55.108
840;Marilyn;Sims;235.203.20.126
841;Steve;Hernandez;43.58.115.227
842;Ashley;Sanders;140.204.218.175
843;Jesse;Hunter;17.21.104.138
844;Andrea;Dunn;253.137.48.249
845;Julie;Brooks;16.8.200.121
846;Lawrence;Jackson;11.167.45.35
847;Ann;Ryan;199.9.35.112
848;Jimmy;Dean;189.64.214.37
849;Barbara;Stanley;60.239.242.20
850;Judith;Holmes;87.151.127.104
851;Ashley;Simpson;111.26.155.221
852;Kelly;Dunn;199.17.174.228
853;Patricia;Palmer;205.247.26.20
854;Martha;Banks;167.180.212.188
855;Brian;Martinez;234.90.246.112
856;Jerry;Watkins;202.66.209.79
857;Lois;Daniels;58.147.251.163
858;Adam;West;20.120.139.209
859;Alice;Clark;88.150.219.97
860;William;Mccoy;110.148.237.132
861;Jennifer;Taylor;51.218.116.3
862;Christina;Medina;197.40.74.70
863;Samuel;Cruz;65.96.245.154
864;Frances;Butler;173.62.18.163
865;Alan;Harvey;158.193.208.252
866;Janet;Hanson;244.88.92.231
867;Philip;Snyder;126.28.108.75
868;Walter;Gilbert;133.177.13.28
869;Craig;Stewart;236.36.246.184
870;Julie;Perkins;236.55.172.37
871;Charles;Mills;120.246.69.3
872;Clarence;Willis;239.154.102.76
873;Justin;Morgan;67.218.62.102
874;Ralph;Alvarez;65.120.222.125
875;Robin;George;216.237.244.77
876;Denise;Richards;192.172.179.96
877;John;Williams;136.66.152.30
878;Randy;Palmer;223.177.155.131
879;Jane;Diaz;177.154.159.146
880;Bobby;Lawrence;27.182.88.16
881;Sara;Perry;187.205.239.38
882;Katherine;Ruiz;107.57.118.109
883;Louise;Ramirez;58.170.233.32
884;Julie;Harrison;12.115.55.188
885;Eugene;Cox;209.224.2.223
886;Joshua;Willis;239.48.153.97
887;Doris;Bailey;76.187.47.127
888;Sara;Jordan;54.245.126.102
889;Alan;Coleman;105.139.189.221
890;Donna;Andrews;162.194.168.62
891;Joseph;Shaw;82.67.72.46
892;Todd;Frazier;86.206.140.22
893;Lori;Marshall;236.120.214.173
894;Arthur;Stephens;123.168.178.153
895;Anna;Kim;190.90.129.118
896;Jose;Olson;138.67.74.151
897;Paul;Hanson;255.207.174.102
898;Douglas;Larson;103.182.1.184
899;Katherine;Daniels;108.162.140.77
900;Frank;Burns;74.6.38.18
901;Jeremy;George;109.235.121.188
902;Gary;Nichols;198.56.37.41
903;Brian;Hayes;117.32.106.128
904;Maria;Pierce;250.66.185.22
905;Denise;Williamson;207.6.160.103
906;Christopher;Stevens;165.56.140.32
907;Beverly;Reid;153.7.136.173
908;Willie;Fields;54.184.97.197
909;Joseph;Perkins;89.39.155.82
910;Anna;Mills;211.240.177.193
911;Cheryl;Burke;70.145.180.75
912;Christine;Torres;186.219.183.20
913;Willie;Davis;37.208.192.109
914;Tammy;Thomas;103.135.212.53
915;Phillip;Ruiz;250.124.214.52
916;Jean;Fields;1.226.137.146
917;Carl;Fernandez;119.96.6.152
918;Sarah;Henry;238.137.50.102
919;Edward;Morgan;173.86.98.28
920;Christopher;Jenkins;188.202.216.237
921;Margaret;Fuller;251.195.76.203
922;Craig;Fernandez;1.8.64.83
923;Eric;Garza;98.243.239.217
924;Evelyn;Ellis;219.57.95.150
925;Jane;Oliver;28.93.126.217
926;Jose;Adams;160.144.70.117
927;David;Cooper;208.156.23.60
928;Jason;Vasquez;50.249.46.44
929;Stephanie;Scott;11.216.20.85
930;Kathryn;Graham;140.61.90.109
931;Jennifer;Wagner;255.103.173.183
932;Sean;Stephens;10.182.223.143
933;Kevin;Bryant;18.180.170.55
934;Juan;Scott;61.29.129.53
935;Denise;Dixon;235.38.195.12
936;Karen;Austin;103.194.220.51
937;Barbara;Russell;51.222.15.74
938;Daniel;Hamilton;170.0.144.97
939;Ruby;Watkins;30.20.182.75
940;Adam;Price;32.36.241.190
941;Judy;Lopez;115.117.240.148
942;Kelly;Carter;15.15.174.152
943;Jason;Price;196.76.66.111
944;Kenneth;Hudson;113.42.93.92
945;Shawn;Garcia;183.98.168.184
946;Beverly;Thomas;82.250.192.153
947;Martha;Webb;108.192.133.143
948;Mark;King;215.88.54.159
949;Jose;Gutierrez;21.60.206.23
950;Steven;Duncan;164.81.200.72
951;Stephanie;Thomas;218.168.117.96
952;Jane;Franklin;174.254.32.216
953;Sharon;Payne;81.4.65.123
954;Fred;Bell;95.209.27.178
955;Jerry;Cole;150.12.202.27
956;Paul;Young;234.32.236.41
957;Carlos;Thompson;85.190.131.213
958;Samuel;Morales;251.145.53.29
959;Judy;Morgan;180.136.205.70
960;Sean;Baker;9.31.141.234
961;Keith;Harris;220.51.48.160
962;Katherine;Freeman;109.212.235.166
963;James;Carr;39.46.103.129
964;Gerald;Black;106.166.69.206
965;Deborah;Morgan;38.117.91.210
966;Albert;Lawrence;19.234.159.241
967;Justin;Freeman;30.16.108.136
968;Jose;Bell;95.43.106.119
969;Pamela;Simmons;173.220.166.58
970;Heather;Reed;82.91.198.173
971;Sandra;Grant;82.114.40.78
972;George;Mason;109.230.180.153
973;Dennis;Graham;195.45.205.97
974;Adam;Bryant;130.152.250.55
975;Chris;Davis;212.157.46.139
976;Beverly;Allen;233.81.30.162
977;Barbara;Frazier;111.80.133.22
978;Benjamin;Long;171.15.241.151
979;Cheryl;Morales;29.101.250.42
980;Christine;Evans;36.13.71.136
981;Theresa;Bowman;97.120.105.87
982;Joe;Fowler;12.58.4.88
983;Jean;Wagner;206.19.253.213
984;Tina;Sims;171.84.10.35
985;Elizabeth;Cox;62.74.46.88
986;Laura;Harvey;103.220.206.130
987;Matthew;Morris;76.199.244.38
988;Adam;Morgan;196.196.27.122
989;James;Flores;41.198.225.99
990;Jean;Harris;134.179.108.10
991;Katherine;Rivera;237.114.29.183
992;Robin;Cunningham;43.166.79.156
993;Christine;Lee;77.119.121.139
994;Tina;Richards;39.211.161.55
995;Kevin;Henry;233.114.194.241
996;Kathleen;Hudson;215.79.65.8
997;Debra;Gilbert;57.207.234.185
998;John;Henry;6.60.123.130
999;Stephen;Jones;233.230.93.33
1000;Donna;Schmidt;217.200.244.166
