id;email;country
1;rgarza0@webs.com;Bolivia
2;aelliott1@bing.com;Brazil
3;jwhite2@digg.com;Czech Republic
4;kgreene3@wunderground.com;China
5;bedwards4@dmoz.org;Russia
6;rcole5@who.int;Russia
7;fhawkins6@jimdo.com;China
8;rclark7@geocities.com;Sweden
9;vhawkins8@cnn.com;Palestinian Territory
10;cwagner9@wp.com;Thailand
11;wgraya@google.com.hk;China
12;barmstrongb@topsy.com;Tanzania
13;wwilliamsonc@phpbb.com;Philippines
14;thansond@sina.com.cn;Belarus
15;jalvareze@nps.gov;Colombia
16;lwoodsf@msu.edu;Madagascar
17;hcoxg@washington.edu;Sweden
18;vlynchh@surveymonkey.com;Portugal
19;ajonesi@pen.io;China
20;mmasonj@yelp.com;Nigeria
21;mperezk@blog.com;Iraq
22;kgonzalezl@google.nl;Albania
23;dboydm@taobao.com;Portugal
24;bwarrenn@jiathis.com;Sweden
25;jmurrayo@berkeley.edu;Pakistan
26;fburnsp@cbc.ca;Russia
27;cgarzaq@facebook.com;Sweden
28;sstewartr@aol.com;Sweden
29;mclarks@creativecommons.org;China
30;levanst@cargocollective.com;Russia
31;awatkinsu@dot.gov;France
32;galvarezv@addthis.com;Philippines
33;hhuntw@mayoclinic.com;China
34;kdixonx@salon.com;Ireland
35;sfoxy@sogou.com;Portugal
36;jsanchezz@goodreads.com;Indonesia
37;jking10@sciencedirect.com;Peru
38;jarnold11@amazon.co.uk;China
39;cfox12@rambler.ru;Russia
40;pjones13@china.com.cn;Cape Verde
41;eyoung14@independent.co.uk;Indonesia
42;amills15@artisteer.com;China
43;gwallace16@cbslocal.com;Egypt
44;ktaylor17@biblegateway.com;Portugal
45;mharrison18@e-recht24.de;Cameroon
46;pmiller19@live.com;China
47;kwebb1a@tripadvisor.com;Philippines
48;bgardner1b@vinaora.com;China
49;jmorrison1c@dropbox.com;Colombia
50;mgibson1d@omniture.com;Namibia
51;pbishop1e@e-recht24.de;Central African Republic
52;sgrant1f@un.org;Russia
53;ahawkins1g@discovery.com;Uruguay
54;rturner1h@abc.net.au;Philippines
55;jsanchez1i@skyrock.com;Greece
56;nhowell1j@gov.uk;Peru
57;ewashington1k@toplist.cz;Portugal
58;vpalmer1l@hud.gov;Indonesia
59;ccarpenter1m@studiopress.com;Philippines
60;plynch1n@com.com;China
61;mstone1o@blinklist.com;China
62;rcunningham1p@dailymotion.com;Bolivia
63;greid1q@homestead.com;China
64;sreed1r@blogs.com;France
65;jhall1s@si.edu;China
66;krichardson1t@baidu.com;China
67;gstone1u@e-recht24.de;China
68;jrice1v@netscape.com;Iran
69;agreen1w@gravatar.com;Indonesia
70;dholmes1x@slashdot.org;China
71;sroberts1y@biglobe.ne.jp;Argentina
72;gmcdonald1z@diigo.com;Nigeria
73;eshaw20@reverbnation.com;Indonesia
74;plewis21@springer.com;China
75;jwarren22@blogspot.com;Indonesia
76;jmcdonald23@answers.com;Mexico
77;rcook24@imdb.com;Argentina
78;phernandez25@mlb.com;Colombia
79;dmarshall26@bloglovin.com;Iran
80;tbishop27@yahoo.co.jp;Madagascar
81;agrant28@ed.gov;China
82;swelch29@wp.com;Czech Republic
83;pscott2a@netscape.com;Russia
84;eweaver2b@squidoo.com;Morocco
85;rwheeler2c@merriam-webster.com;Brazil
86;pbradley2d@fotki.com;France
87;jalexander2e@forbes.com;Swaziland
88;rlynch2f@virginia.edu;China
89;cfrazier2g@meetup.com;South Korea
90;lnguyen2h@blogtalkradio.com;China
91;ssims2i@constantcontact.com;China
92;bburton2j@mozilla.org;Palestinian Territory
93;jbishop2k@msu.edu;Indonesia
94;kstone2l@jugem.jp;China
95;bwright2m@bravesites.com;Ukraine
96;dkelly2n@adobe.com;France
97;sfoster2o@mayoclinic.com;Malaysia
98;kmoore2p@icio.us;Russia
99;npalmer2q@chron.com;Slovenia
100;rwelch2r@usgs.gov;China
101;mhughes2s@psu.edu;Argentina
102;rolson2t@biblegateway.com;France
103;jspencer2u@networksolutions.com;Sweden
104;mhenderson2v@utexas.edu;Ethiopia
105;sbowman2w@shinystat.com;Colombia
106;jhanson2x@typepad.com;Poland
107;sstanley2y@domainmarket.com;China
108;ltucker2z@squidoo.com;Niger
109;tmccoy30@dropbox.com;China
110;shughes31@mozilla.com;China
111;cbradley32@vimeo.com;Yemen
112;gbutler33@technorati.com;Honduras
113;saustin34@1688.com;Russia
114;rcox35@unc.edu;Honduras
115;abryant36@blogspot.com;China
116;sgutierrez37@marriott.com;Portugal
117;jweaver38@microsoft.com;Indonesia
118;rolson39@etsy.com;Ukraine
119;cshaw3a@ed.gov;Colombia
120;kcarr3b@hud.gov;Portugal
121;fschmidt3c@blogger.com;Costa Rica
122;gramirez3d@dyndns.org;China
123;sgibson3e@goo.ne.jp;Peru
124;rroberts3f@google.es;Czech Republic
125;agibson3g@nifty.com;Indonesia
126;pmorris3h@irs.gov;Canada
127;llawson3i@sbwire.com;Portugal
128;khowell3j@nps.gov;Tanzania
129;mgibson3k@hud.gov;China
130;clawson3l@sitemeter.com;China
131;swatson3m@networkadvertising.org;China
132;jnichols3n@ning.com;Philippines
133;jgilbert3o@xing.com;Venezuela
134;aberry3p@nydailynews.com;Brazil
135;igardner3q@loc.gov;Ukraine
136;jpowell3r@wikispaces.com;China
137;kbarnes3s@sina.com.cn;China
138;jross3t@ebay.com;Philippines
139;tturner3u@google.es;China
140;lbanks3v@desdev.cn;Niger
141;bhowell3w@themeforest.net;Nepal
142;bgibson3x@techcrunch.com;United States
143;jrobertson3y@rediff.com;Philippines
144;jhill3z@columbia.edu;Vietnam
145;pharris40@exblog.jp;Russia
146;jrussell41@tamu.edu;Indonesia
147;jmills42@apache.org;Ukraine
148;jcole43@meetup.com;China
149;klynch44@over-blog.com;China
150;srichards45@adobe.com;Sweden
151;hwoods46@scientificamerican.com;Ukraine
152;fjenkins47@skype.com;Afghanistan
153;mweaver48@psu.edu;Kyrgyzstan
154;mwashington49@qq.com;China
155;mfrazier4a@chicagotribune.com;Indonesia
156;sroberts4b@zimbio.com;Poland
157;ffernandez4c@printfriendly.com;Vietnam
158;rmartin4d@weebly.com;Colombia
159;mellis4e@dion.ne.jp;Philippines
160;cross4f@netlog.com;Dominica
161;gperez4g@free.fr;Dominica
162;hhicks4h@4shared.com;Serbia
163;crose4i@businessweek.com;Philippines
164;acampbell4j@qq.com;China
165;nlittle4k@cbsnews.com;Colombia
166;lbarnes4l@posterous.com;United States
167;spowell4m@e-recht24.de;Hungary
168;efreeman4n@psu.edu;Mexico
169;kholmes4o@sina.com.cn;Venezuela
170;sfisher4p@newsvine.com;Philippines
171;lstone4q@prweb.com;United States
172;ageorge4r@twitpic.com;Indonesia
173;jlong4s@usda.gov;China
174;hdixon4t@qq.com;Japan
175;ahowell4u@xrea.com;Thailand
176;ladams4v@weather.com;Indonesia
177;jcollins4w@wikimedia.org;Greece
178;vmcdonald4x@wikia.com;Portugal
179;hjohnston4y@globo.com;Indonesia
180;jarnold4z@google.es;France
181;scollins50@theguardian.com;United States
182;fstone51@redcross.org;Japan
183;cwatkins52@cloudflare.com;Indonesia
184;dkelley53@cbslocal.com;Indonesia
185;vfrazier54@networkadvertising.org;Austria
186;jhicks55@sciencedirect.com;Russia
187;mgrant56@amazonaws.com;Italy
188;dreed57@tinypic.com;Indonesia
189;hross58@cisco.com;Argentina
190;wgonzales59@wsj.com;China
191;jkim5a@umich.edu;Indonesia
192;cthomas5b@statcounter.com;Venezuela
193;lwheeler5c@trellian.com;Croatia
194;idean5d@so-net.ne.jp;China
195;jthompson5e@myspace.com;Indonesia
196;jharper5f@tmall.com;Finland
197;wlawrence5g@opensource.org;France
198;scarroll5h@hibu.com;Indonesia
199;cdavis5i@flickr.com;Macedonia
200;gparker5j@wordpress.org;Indonesia
201;jthompson5k@e-recht24.de;Tonga
202;jmorgan5l@cdc.gov;China
203;awebb5m@wsj.com;United States
204;mjenkins5n@psu.edu;China
205;cgutierrez5o@amazon.co.uk;Greece
206;myoung5p@yahoo.com;France
207;gbanks5q@umn.edu;Ukraine
208;jbarnes5r@paypal.com;Sweden
209;rreid5s@flickr.com;Azerbaijan
210;jramirez5t@ezinearticles.com;China
211;schavez5u@angelfire.com;Brazil
212;kbailey5v@prnewswire.com;China
213;jcruz5w@cbsnews.com;Japan
214;lgarcia5x@amazon.co.uk;Indonesia
215;hmedina5y@sitemeter.com;Japan
216;jriley5z@google.ru;Cameroon
217;ariley60@example.com;Norway
218;aford61@census.gov;Portugal
219;jchavez62@reference.com;China
220;epowell63@is.gd;China
221;cstewart64@webmd.com;France
222;ebrown65@cornell.edu;Indonesia
223;wshaw66@blogs.com;Philippines
224;sellis67@shareasale.com;Japan
225;eharvey68@utexas.edu;Russia
226;pboyd69@flickr.com;Uganda
227;swright6a@earthlink.net;Philippines
228;bsnyder6b@icio.us;China
229;cfuller6c@ehow.com;China
230;rgardner6d@senate.gov;Indonesia
231;lblack6e@tamu.edu;Albania
232;manderson6f@netscape.com;Bangladesh
233;kphillips6g@google.cn;Indonesia
234;chart6h@spiegel.de;Czech Republic
235;dburke6i@domainmarket.com;China
236;dkelly6j@slate.com;United States
237;cmills6k@sogou.com;Kazakhstan
238;jalexander6l@blog.com;Tunisia
239;jstanley6m@yellowbook.com;Iceland
240;ilong6n@redcross.org;Finland
241;mbradley6o@amazon.co.jp;Czech Republic
242;dmendoza6p@umn.edu;Nigeria
243;mbishop6q@fda.gov;China
244;jferguson6r@bing.com;France
245;tmedina6s@alibaba.com;Philippines
246;tkelly6t@twitpic.com;Saudi Arabia
247;bboyd6u@theguardian.com;United States
248;jgreene6v@dell.com;China
249;jmeyer6w@time.com;Indonesia
250;ajohnston6x@themeforest.net;Indonesia
251;bgray6y@istockphoto.com;Indonesia
252;llane6z@studiopress.com;Czech Republic
253;jward70@typepad.com;Sweden
254;bhansen71@vkontakte.ru;Guatemala
255;abutler72@hexun.com;Russia
256;mspencer73@telegraph.co.uk;Mexico
257;jgreene74@ehow.com;China
258;dparker75@csmonitor.com;Malaysia
259;vmoreno76@fema.gov;Poland
260;kmeyer77@yolasite.com;Russia
261;ahughes78@ehow.com;Afghanistan
262;trogers79@surveymonkey.com;Argentina
263;jwillis7a@php.net;Ireland
264;lhoward7b@nydailynews.com;Ecuador
265;hmills7c@huffingtonpost.com;Germany
266;alopez7d@wp.com;Sweden
267;kgomez7e@123-reg.co.uk;France
268;sbrown7f@shareasale.com;France
269;jthomas7g@mit.edu;Portugal
270;mpalmer7h@theatlantic.com;Portugal
271;gkim7i@independent.co.uk;Russia
272;sharris7j@imgur.com;Russia
273;chamilton7k@themeforest.net;Belarus
274;bfrazier7l@adobe.com;China
275;jfields7m@meetup.com;Sweden
276;tgraham7n@msn.com;Vietnam
277;arivera7o@elegantthemes.com;Belarus
278;mweaver7p@amazonaws.com;Russia
279;jhall7q@ox.ac.uk;Mauritania
280;cortiz7r@uol.com.br;Mongolia
281;jford7s@timesonline.co.uk;Serbia
282;jburke7t@tripadvisor.com;Argentina
283;marmstrong7u@scribd.com;Chile
284;mlopez7v@berkeley.edu;Russia
285;jkennedy7w@howstuffworks.com;Brazil
286;bgomez7x@studiopress.com;China
287;rgeorge7y@multiply.com;Indonesia
288;scook7z@cnbc.com;China
289;sburns80@google.com.br;Peru
290;mortiz81@ask.com;Poland
291;lhoward82@ucsd.edu;Sweden
292;hcastillo83@timesonline.co.uk;France
293;cjames84@census.gov;Philippines
294;rrichardson85@csmonitor.com;Burundi
295;rrobinson86@pinterest.com;Indonesia
296;kspencer87@webeden.co.uk;Russia
297;jdean88@who.int;Croatia
298;tberry89@technorati.com;Philippines
299;chudson8a@imdb.com;United States
300;gwheeler8b@narod.ru;Madagascar
301;jprice8c@issuu.com;Colombia
302;mfields8d@cdc.gov;Argentina
303;dmorrison8e@t.co;Indonesia
304;ajordan8f@delicious.com;Philippines
305;chill8g@goodreads.com;El Salvador
306;rbaker8h@mozilla.org;China
307;dwarren8i@msu.edu;China
308;cgordon8j@youtu.be;Brazil
309;smontgomery8k@ameblo.jp;China
310;bwelch8l@unc.edu;Sweden
311;jburns8m@eventbrite.com;Portugal
312;amartinez8n@quantcast.com;Peru
313;jkelly8o@nytimes.com;China
314;ahall8p@e-recht24.de;Canada
315;pperez8q@xing.com;Brazil
316;jfoster8r@theglobeandmail.com;China
317;cstanley8s@technorati.com;Indonesia
318;jdiaz8t@telegraph.co.uk;Ireland
319;jgraham8u@paypal.com;Indonesia
320;krice8v@nbcnews.com;China
321;bphillips8w@unblog.fr;China
322;cbailey8x@pen.io;France
323;bgonzales8y@devhub.com;China
324;psanders8z@example.com;Guatemala
325;jrice90@eepurl.com;Indonesia
326;dcox91@facebook.com;United States
327;jfox92@studiopress.com;Philippines
328;jdaniels93@zdnet.com;Philippines
329;kalexander94@fda.gov;Poland
330;rcarpenter95@instagram.com;Russia
331;lmorgan96@miitbeian.gov.cn;Russia
332;bperez97@engadget.com;Brazil
333;dgilbert98@gov.uk;Estonia
334;bowens99@paypal.com;Brazil
335;jdean9a@printfriendly.com;Indonesia
336;mbaker9b@amazonaws.com;Poland
337;llittle9c@msu.edu;Syria
338;rburns9d@telegraph.co.uk;China
339;bcollins9e@cnn.com;China
340;ehayes9f@altervista.org;Azerbaijan
341;jduncan9g@ed.gov;China
342;cwebb9h@newyorker.com;Philippines
343;krice9i@goodreads.com;Slovenia
344;jsmith9j@macromedia.com;Myanmar
345;jcarroll9k@flavors.me;China
346;jduncan9l@amazon.co.jp;Russia
347;rhernandez9m@ning.com;China
348;pfrazier9n@bluehost.com;Brazil
349;kharvey9o@xing.com;Poland
350;awest9p@engadget.com;Greece
351;lhunter9q@friendfeed.com;China
352;mmitchell9r@yale.edu;Netherlands
353;rphillips9s@exblog.jp;Indonesia
354;mcampbell9t@seesaa.net;Poland
355;bkennedy9u@omniture.com;Cape Verde
356;jlewis9v@skype.com;Argentina
357;bsimpson9w@parallels.com;Nigeria
358;pdixon9x@amazon.com;China
359;dgonzales9y@usgs.gov;Mali
360;bwilson9z@tinyurl.com;Cameroon
361;dreeda0@jigsy.com;Georgia
362;rcrawforda1@live.com;Equatorial Guinea
363;ralvareza2@oracle.com;Japan
364;aforda3@foxnews.com;Sweden
365;chilla4@geocities.jp;Philippines
366;cgrahama5@stumbleupon.com;Indonesia
367;bfoxa6@tuttocitta.it;China
368;anicholsa7@ifeng.com;Indonesia
369;llopeza8@archive.org;Indonesia
370;blanea9@yellowpages.com;Russia
371;jhernandezaa@trellian.com;Tanzania
372;ifergusonab@hibu.com;Afghanistan
373;lrussellac@fda.gov;China
374;egreenead@cornell.edu;Brazil
375;rtaylorae@github.io;Czech Republic
376;lrichardsaf@wiley.com;Portugal
377;jandrewsag@princeton.edu;China
378;wmendozaah@google.com.br;Nigeria
379;agibsonai@gmpg.org;Mexico
380;mwarrenaj@netscape.com;Indonesia
381;amoralesak@gravatar.com;Portugal
382;crichardsonal@irs.gov;France
383;vallenam@wunderground.com;Kosovo
384;mrayan@tumblr.com;Russia
385;jhamiltonao@canalblog.com;Kyrgyzstan
386;dtaylorap@abc.net.au;Indonesia
387;jhawkinsaq@dell.com;Indonesia
388;mmyersar@linkedin.com;China
389;bbaileyas@instagram.com;Russia
390;tdeanat@naver.com;China
391;mpattersonau@unblog.fr;China
392;ghawkinsav@yolasite.com;Poland
393;hmarshallaw@google.co.jp;Thailand
394;kjacksonax@github.io;United States
395;mblackay@bigcartel.com;Micronesia
396;lramirezaz@oaic.gov.au;Russia
397;ghudsonb0@bigcartel.com;Russia
398;hriceb1@google.co.uk;Morocco
399;belliottb2@i2i.jp;Philippines
400;khansenb3@chron.com;China
401;slopezb4@wiley.com;China
402;crileyb5@epa.gov;France
403;jjacksonb6@sun.com;Palestinian Territory
404;ewoodb7@ebay.co.uk;Iran
405;amarshallb8@stumbleupon.com;Malaysia
406;malvarezb9@ihg.com;Palestinian Territory
407;jwelchba@dailymail.co.uk;Nigeria
408;wdiazbb@boston.com;Poland
409;ahartbc@paypal.com;Russia
410;dalvarezbd@soundcloud.com;China
411;lharrisbe@abc.net.au;Austria
412;rstonebf@instagram.com;Philippines
413;jfieldsbg@un.org;China
414;aburtonbh@ycombinator.com;Indonesia
415;tcarrbi@tiny.cc;Philippines
416;jhayesbj@toplist.cz;Russia
417;jholmesbk@seesaa.net;Czech Republic
418;aharrisbl@free.fr;Thailand
419;bdunnbm@chicagotribune.com;China
420;pcampbellbn@youtu.be;Indonesia
421;rcarrbo@newsvine.com;Poland
422;jburkebp@theglobeandmail.com;Mexico
423;cparkerbq@tiny.cc;Indonesia
424;pwallacebr@twitpic.com;Philippines
425;bbryantbs@baidu.com;Azerbaijan
426;gbennettbt@ebay.com;Sweden
427;phayesbu@mlb.com;Colombia
428;rwebbbv@utexas.edu;Portugal
429;jjamesbw@state.gov;Poland
430;jdiazbx@scientificamerican.com;Brazil
431;cmillsby@google.de;Albania
432;handrewsbz@sfgate.com;Colombia
433;ariverac0@csmonitor.com;Poland
434;agrantc1@merriam-webster.com;Indonesia
435;shillc2@noaa.gov;Kazakhstan
436;rbakerc3@woothemes.com;Philippines
437;trogersc4@amazon.com;Russia
438;trobertsc5@friendfeed.com;Indonesia
439;eburkec6@webmd.com;Sweden
440;gwestc7@sina.com.cn;Indonesia
441;rspencerc8@reverbnation.com;Slovenia
442;akingc9@tinypic.com;Bangladesh
443;jbowmanca@topsy.com;Sri Lanka
444;tgonzalezcb@house.gov;Colombia
445;sedwardscc@nytimes.com;Portugal
446;jrogerscd@economist.com;Portugal
447;dcoxce@dion.ne.jp;Indonesia
448;alynchcf@wikipedia.org;Portugal
449;ekimcg@g.co;South Africa
450;tdaych@google.cn;Costa Rica
451;pmorrisci@linkedin.com;United States
452;mjamescj@arstechnica.com;Canada
453;djacksonck@bizjournals.com;China
454;rwilliamsoncl@china.com.cn;China
455;rcartercm@fotki.com;Pakistan
456;mcookcn@flickr.com;Mexico
457;hlarsonco@cnet.com;China
458;dgordoncp@ucla.edu;Indonesia
459;mcolemancq@sogou.com;Peru
460;jcollinscr@php.net;China
461;gcolecs@accuweather.com;Dominican Republic
462;arosect@zdnet.com;Bosnia and Herzegovina
463;jbellcu@domainmarket.com;United States
464;mburkecv@sciencedaily.com;Sweden
465;hhuntcw@squidoo.com;United States
466;kfowlercx@army.mil;Thailand
467;ecampbellcy@fc2.com;Ecuador
468;mhowellcz@businessweek.com;Germany
469;aholmesd0@weather.com;Poland
470;mharperd1@wsj.com;Russia
471;sbarnesd2@kickstarter.com;Russia
472;enelsond3@cafepress.com;Indonesia
473;jholmesd4@usgs.gov;Russia
474;plarsond5@youku.com;Comoros
475;kwhited6@imageshack.us;China
476;aallend7@nyu.edu;Poland
477;lkelleyd8@imdb.com;Venezuela
478;jrayd9@marketwatch.com;Sweden
479;ewelchda@nbcnews.com;Poland
480;dstewartdb@ameblo.jp;Azerbaijan
481;cthompsondc@sina.com.cn;Indonesia
482;awarddd@yahoo.com;Portugal
483;lmillerde@seattletimes.com;Ukraine
484;ksnyderdf@slashdot.org;Russia
485;pryandg@google.nl;Honduras
486;tevansdh@themeforest.net;Philippines
487;fmillerdi@smugmug.com;Czech Republic
488;fspencerdj@creativecommons.org;Guinea
489;awatkinsdk@patch.com;China
490;sricedl@rakuten.co.jp;Indonesia
491;shunterdm@blog.com;Portugal
492;golsondn@list-manage.com;Kuwait
493;mrobinsondo@homestead.com;Netherlands
494;darnolddp@purevolume.com;Nigeria
495;fchavezdq@weibo.com;Canada
496;hfoxdr@eventbrite.com;Philippines
497;bburnsds@vimeo.com;Poland
498;dhamiltondt@freewebs.com;Indonesia
499;thughesdu@reference.com;China
500;bgraydv@shop-pro.jp;Honduras
501;rfrazierdw@home.pl;Serbia
502;lreynoldsdx@about.com;Venezuela
503;jhayesdy@fotki.com;Brazil
504;jfoxdz@de.vu;Malaysia
505;mpattersone0@scribd.com;China
506;cburtone1@wikimedia.org;China
507;lharveye2@delicious.com;Portugal
508;sgordone3@shutterfly.com;Indonesia
509;vlawsone4@taobao.com;Thailand
510;tparkere5@mashable.com;Tunisia
511;eweste6@shutterfly.com;Morocco
512;cknighte7@acquirethisname.com;Indonesia
513;speterse8@ihg.com;China
514;ssullivane9@oakley.com;Philippines
515;bcolemanea@latimes.com;Nigeria
516;gpowelleb@elpais.com;Czech Republic
517;soliverec@msu.edu;Russia
518;cfishered@hexun.com;Ukraine
519;egeorgeee@mtv.com;China
520;pporteref@marriott.com;China
521;cgarciaeg@typepad.com;Russia
522;efoxeh@answers.com;Russia
523;gchapmanei@sbwire.com;Indonesia
524;gwatsonej@gravatar.com;Indonesia
525;rwatsonek@jalbum.net;Brazil
526;jpetersonel@live.com;Ukraine
527;ljordanem@soup.io;Russia
528;shenryen@nba.com;Costa Rica
529;jalexandereo@ed.gov;Guatemala
530;aspencerep@sfgate.com;China
531;ewilliseq@utexas.edu;China
532;jlarsoner@nymag.com;China
533;vperezes@so-net.ne.jp;Brazil
534;rboydet@sina.com.cn;Philippines
535;csnydereu@paypal.com;Russia
536;hwrightev@who.int;Vietnam
537;rlynchew@jalbum.net;Russia
538;cthompsonex@oakley.com;Indonesia
539;jhawkinsey@com.com;South Korea
540;aboydez@twitpic.com;United States
541;ksullivanf0@fotki.com;Brazil
542;rmooref1@seesaa.net;Indonesia
543;pgomezf2@craigslist.org;Brazil
544;bsimsf3@independent.co.uk;China
545;gaustinf4@engadget.com;Poland
546;athomasf5@indiegogo.com;Chile
547;jjohnstonf6@pbs.org;Bulgaria
548;rdixonf7@networksolutions.com;Ukraine
549;dpetersf8@opera.com;China
550;tharrisf9@un.org;Pakistan
551;ssimsfa@so-net.ne.jp;South Africa
552;chendersonfb@opera.com;Japan
553;dhallfc@slate.com;Portugal
554;amoorefd@slashdot.org;China
555;jharveyfe@hao123.com;China
556;jdavisff@aol.com;Canada
557;cgonzalezfg@github.io;Djibouti
558;nfreemanfh@vk.com;Philippines
559;cgeorgefi@geocities.com;Venezuela
560;amorrisfj@flickr.com;China
561;smarshallfk@hud.gov;Armenia
562;jbrownfl@domainmarket.com;Nigeria
563;jgomezfm@hubpages.com;China
564;cmasonfn@springer.com;Uzbekistan
565;cjohnsonfo@sohu.com;France
566;sshawfp@cbslocal.com;Indonesia
567;vmorganfq@springer.com;Georgia
568;vfrazierfr@lulu.com;Mongolia
569;hmorrisfs@nbcnews.com;Russia
570;sholmesft@ft.com;Indonesia
571;akelleyfu@typepad.com;Thailand
572;djacobsfv@amazonaws.com;Pakistan
573;pcastillofw@squidoo.com;Brazil
574;lholmesfx@newsvine.com;China
575;lmasonfy@umn.edu;Portugal
576;nfernandezfz@goo.ne.jp;Iceland
577;srichardsong0@google.com;Indonesia
578;pwilliamsong1@twitter.com;Indonesia
579;valvarezg2@apple.com;Colombia
580;bhansong3@alibaba.com;China
581;rrileyg4@va.gov;Mauritius
582;kburkeg5@studiopress.com;Chile
583;hfreemang6@samsung.com;Indonesia
584;adanielsg7@mail.ru;South Korea
585;rcrawfordg8@chron.com;Philippines
586;crussellg9@psu.edu;Paraguay
587;wrobinsonga@opensource.org;Portugal
588;fhillgb@columbia.edu;Slovenia
589;chansengc@reverbnation.com;Peru
590;jbanksgd@pbs.org;Syria
591;pwatsonge@telegraph.co.uk;Czech Republic
592;tkennedygf@pbs.org;Syria
593;jhillgg@prweb.com;China
594;sfernandezgh@blog.com;China
595;dbaileygi@webeden.co.uk;Thailand
596;lgonzalezgj@samsung.com;Poland
597;hscottgk@mlb.com;Aruba
598;djohnsongl@phoca.cz;Malaysia
599;kbarnesgm@state.tx.us;Czech Republic
600;jhendersongn@discovery.com;China
601;dreyesgo@cbc.ca;United States
602;sburtongp@pbs.org;China
603;jgrahamgq@wired.com;Brazil
604;jcarrgr@un.org;Indonesia
605;pjamesgs@nationalgeographic.com;Poland
606;amendozagt@google.de;Philippines
607;twelchgu@cpanel.net;Chile
608;rbradleygv@stanford.edu;China
609;pportergw@walmart.com;Indonesia
610;bmatthewsgx@skype.com;China
611;mschmidtgy@tuttocitta.it;Peru
612;tstanleygz@prnewswire.com;France
613;jgeorgeh0@cafepress.com;Indonesia
614;ptuckerh1@huffingtonpost.com;China
615;awoodsh2@ftc.gov;Japan
616;rrobertsh3@ft.com;Pakistan
617;arossh4@zdnet.com;Indonesia
618;dsullivanh5@webmd.com;Philippines
619;tlynchh6@mtv.com;United States
620;drossh7@reference.com;Russia
621;ehunterh8@vistaprint.com;Philippines
622;kmontgomeryh9@who.int;Tanzania
623;ssnyderha@stanford.edu;China
624;skennedyhb@plala.or.jp;Brazil
625;hryanhc@usda.gov;Malaysia
626;aharthd@yahoo.com;China
627;vwhitehe@yale.edu;France
628;cperkinshf@pagesperso-orange.fr;Portugal
629;ibrookshg@purevolume.com;Japan
630;bcarterhh@github.io;Croatia
631;bandersonhi@xing.com;Portugal
632;jmitchellhj@adobe.com;Portugal
633;hlawrencehk@wufoo.com;Indonesia
634;gkelleyhl@dedecms.com;Uganda
635;jmorrisonhm@omniture.com;Guatemala
636;khernandezhn@java.com;Peru
637;pjacksonho@webnode.com;Ukraine
638;cromerohp@wikispaces.com;Poland
639;jwatkinshq@unesco.org;China
640;cvasquezhr@forbes.com;China
641;pperryhs@squarespace.com;Poland
642;ccampbellht@privacy.gov.au;Kazakhstan
643;hgranthu@pbs.org;China
644;cgrayhv@163.com;Russia
645;dgeorgehw@adobe.com;Czech Republic
646;aduncanhx@vimeo.com;Indonesia
647;mreyeshy@time.com;Philippines
648;hcarterhz@storify.com;China
649;hporteri0@networksolutions.com;Syria
650;asmithi1@upenn.edu;Sweden
651;mmilleri2@comsenz.com;Japan
652;sleei3@wikia.com;Canada
653;jwagneri4@constantcontact.com;China
654;sleei5@smh.com.au;Argentina
655;bsmithi6@nydailynews.com;China
656;rperryi7@diigo.com;Indonesia
657;bwillisi8@yahoo.co.jp;Russia
658;jfreemani9@time.com;Indonesia
659;chughesia@nature.com;Australia
660;rpowellib@hugedomains.com;Argentina
661;jwashingtonic@nifty.com;China
662;bwilliamsid@slideshare.net;Poland
663;bruizie@geocities.jp;Gambia
664;nolsonif@samsung.com;Honduras
665;cturnerig@sitemeter.com;China
666;ddixonih@dot.gov;Mexico
667;kperezii@github.io;Greece
668;phillij@a8.net;Argentina
669;pwilliamsonik@umich.edu;Indonesia
670;dkingil@pcworld.com;Japan
671;rstoneim@phoca.cz;Ivory Coast
672;jmurrayin@miitbeian.gov.cn;Brazil
673;scarterio@skype.com;Portugal
674;phillip@purevolume.com;Mali
675;chowelliq@a8.net;China
676;dramosir@salon.com;Portugal
677;ccolemanis@stumbleupon.com;Poland
678;jthomasit@posterous.com;Poland
679;jgrayiu@nydailynews.com;Chile
680;abelliv@ning.com;France
681;erusselliw@bluehost.com;China
682;arobinsonix@jiathis.com;Vietnam
683;swestiy@cdc.gov;Ireland
684;bwhiteiz@chronoengine.com;Peru
685;rspencerj0@yolasite.com;Philippines
686;pcrawfordj1@purevolume.com;China
687;bharrisonj2@cyberchimps.com;Japan
688;shawkinsj3@mlb.com;Sweden
689;crosej4@dmoz.org;Czech Republic
690;mnicholsj5@google.com.br;Thailand
691;ewallacej6@sakura.ne.jp;Russia
692;sgeorgej7@ucoz.com;Nigeria
693;jwilliamsonj8@ehow.com;Brazil
694;jdunnj9@spiegel.de;China
695;aramirezja@clickbank.net;Philippines
696;gkelleyjb@privacy.gov.au;Armenia
697;pphillipsjc@163.com;China
698;jgriffinjd@techcrunch.com;Nigeria
699;rmccoyje@nature.com;Indonesia
700;jthompsonjf@wikispaces.com;China
701;hfosterjg@noaa.gov;Argentina
702;rclarkjh@comcast.net;Ukraine
703;mbrownji@geocities.jp;China
704;phenryjj@virginia.edu;China
705;cmoralesjk@irs.gov;Iran
706;criverajl@gov.uk;Venezuela
707;scrawfordjm@go.com;Tanzania
708;blynchjn@flavors.me;Indonesia
709;jpaynejo@skyrock.com;Indonesia
710;rnguyenjp@archive.org;Philippines
711;dphillipsjq@lycos.com;China
712;mhughesjr@bloglines.com;Japan
713;trayjs@reuters.com;United States
714;jbrownjt@rakuten.co.jp;Indonesia
715;nbrownju@pagesperso-orange.fr;United States
716;smartinezjv@sourceforge.net;Croatia
717;jwilsonjw@umn.edu;Poland
718;jlongjx@slashdot.org;Argentina
719;areynoldsjy@163.com;Russia
720;vfranklinjz@ox.ac.uk;Indonesia
721;swheelerk0@uiuc.edu;Chile
722;jstewartk1@comsenz.com;Guatemala
723;cfreemank2@jalbum.net;South Africa
724;ewrightk3@theglobeandmail.com;Colombia
725;dhayesk4@amazon.co.uk;Canada
726;jbellk5@mit.edu;Philippines
727;ghillk6@state.gov;Brazil
728;bhernandezk7@plala.or.jp;Pakistan
729;smoralesk8@soundcloud.com;Finland
730;rmccoyk9@ocn.ne.jp;Russia
731;jsmithka@miitbeian.gov.cn;Bosnia and Herzegovina
732;pcarrollkb@intel.com;Philippines
733;abennettkc@cnet.com;China
734;mthomaskd@tiny.cc;Russia
735;jfowlerke@quantcast.com;Ukraine
736;jchavezkf@cnbc.com;China
737;efreemankg@studiopress.com;Argentina
738;erogerskh@elegantthemes.com;China
739;jnicholski@deliciousdays.com;Philippines
740;rlarsonkj@fotki.com;China
741;jrosskk@omniture.com;Djibouti
742;mgarzakl@i2i.jp;China
743;bruizkm@chronoengine.com;China
744;marnoldkn@yandex.ru;China
745;pdixonko@shareasale.com;Portugal
746;chowellkp@wordpress.org;Azerbaijan
747;jrobertsonkq@unc.edu;Czech Republic
748;traykr@unesco.org;Brazil
749;kchapmanks@drupal.org;China
750;jbradleykt@1688.com;Czech Republic
751;tmorrisku@webs.com;Armenia
752;awebbkv@who.int;Brazil
753;ekelleykw@gravatar.com;Afghanistan
754;hhendersonkx@howstuffworks.com;Colombia
755;mfergusonky@oakley.com;Brazil
756;ematthewskz@ow.ly;Peru
757;jkennedyl0@apache.org;Philippines
758;jfieldsl1@etsy.com;Indonesia
759;agreenel2@tamu.edu;Kuwait
760;srileyl3@house.gov;Argentina
761;rbelll4@amazon.co.jp;Sweden
762;sbanksl5@fc2.com;Thailand
763;cricel6@ebay.com;China
764;hbutlerl7@1und1.de;Czech Republic
765;sphillipsl8@google.com;Russia
766;brossl9@disqus.com;Afghanistan
767;etaylorla@oracle.com;Indonesia
768;rhenrylb@mapquest.com;Portugal
769;emillerlc@japanpost.jp;Russia
770;jrossld@sun.com;Indonesia
771;celliottle@mozilla.org;Philippines
772;pgarrettlf@histats.com;Russia
773;awoodslg@list-manage.com;Russia
774;apattersonlh@woothemes.com;France
775;atuckerli@cdbaby.com;Democratic Republic of the Congo
776;jwarrenlj@blogspot.com;Nigeria
777;bjordanlk@vinaora.com;Myanmar
778;amitchellll@usda.gov;Madagascar
779;awilliamsonlm@shop-pro.jp;Ethiopia
780;nchavezln@google.ru;Indonesia
781;rpalmerlo@last.fm;Sweden
782;krobertslp@gov.uk;China
783;scollinslq@wired.com;Thailand
784;smorrislr@umn.edu;Bangladesh
785;dparkerls@freewebs.com;Indonesia
786;cmarshalllt@multiply.com;Sweden
787;chickslu@auda.org.au;Laos
788;smarshalllv@state.gov;China
789;rfieldslw@woothemes.com;Brazil
790;mgeorgelx@dropbox.com;China
791;jmoorely@kickstarter.com;China
792;cstephenslz@youtu.be;China
793;hcollinsm0@symantec.com;Japan
794;sgarrettm1@slideshare.net;Canada
795;bgonzalezm2@bandcamp.com;Poland
796;madamsm3@sourceforge.net;Indonesia
797;pmyersm4@sourceforge.net;Canada
798;volsonm5@goodreads.com;Syria
799;sbryantm6@gizmodo.com;China
800;fcolemanm7@ifeng.com;Indonesia
801;dbanksm8@statcounter.com;Pakistan
802;pdavism9@vimeo.com;China
803;jhunterma@wunderground.com;Ukraine
804;aburnsmb@sina.com.cn;Brazil
805;knelsonmc@mtv.com;North Korea
806;lwelchmd@parallels.com;Belarus
807;rgrantme@discuz.net;Kenya
808;jlittlemf@va.gov;China
809;kmedinamg@bluehost.com;Portugal
810;laustinmh@github.com;Central African Republic
811;gramirezmi@goodreads.com;Indonesia
812;bwallacemj@histats.com;Peru
813;mrobertsmk@meetup.com;Philippines
814;chamiltonml@nationalgeographic.com;Togo
815;vhowardmm@weebly.com;China
816;ckingmn@unblog.fr;Philippines
817;blongmo@biglobe.ne.jp;France
818;iharveymp@europa.eu;South Korea
819;bmcdonaldmq@abc.net.au;China
820;jhowardmr@blinklist.com;Indonesia
821;epaynems@cnet.com;Indonesia
822;rcarrmt@apple.com;China
823;nharveymu@rambler.ru;Russia
824;rjohnsonmv@t.co;Poland
825;bharrismw@scribd.com;China
826;creyesmx@boston.com;China
827;smartinezmy@tripod.com;France
828;nwellsmz@t.co;Chile
829;ewilliamsonn0@columbia.edu;Croatia
830;sstanleyn1@ebay.co.uk;Rwanda
831;ahendersonn2@sogou.com;Czech Republic
832;cjacobsn3@sakura.ne.jp;France
833;kelliottn4@slideshare.net;Honduras
834;jfreemann5@blogs.com;Luxembourg
835;smooren6@barnesandnoble.com;China
836;sperkinsn7@google.es;Portugal
837;tburtonn8@icio.us;Dominican Republic
838;dgreenen9@so-net.ne.jp;Indonesia
839;amorrisna@sfgate.com;Thailand
840;msimsnb@howstuffworks.com;Philippines
841;shernandeznc@wunderground.com;Indonesia
842;asandersnd@123-reg.co.uk;Indonesia
843;jhunterne@amazon.com;Poland
844;adunnnf@hp.com;China
845;jbrooksng@twitpic.com;France
846;ljacksonnh@hhs.gov;Peru
847;aryanni@ustream.tv;France
848;jdeannj@ycombinator.com;United Kingdom
849;bstanleynk@ezinearticles.com;Vietnam
850;jholmesnl@kickstarter.com;Brazil
851;asimpsonnm@dedecms.com;Indonesia
852;kdunnnn@wikimedia.org;Colombia
853;ppalmerno@hugedomains.com;United States
854;mbanksnp@china.com.cn;Japan
855;bmartineznq@ft.com;China
856;jwatkinsnr@businessweek.com;Indonesia
857;ldanielsns@taobao.com;North Korea
858;awestnt@mozilla.com;Philippines
859;aclarknu@statcounter.com;Mexico
860;wmccoynv@e-recht24.de;Indonesia
861;jtaylornw@yale.edu;Kazakhstan
862;cmedinanx@springer.com;Netherlands
863;scruzny@multiply.com;China
864;fbutlernz@eventbrite.com;Russia
865;aharveyo0@noaa.gov;China
866;jhansono1@xinhuanet.com;Guatemala
867;psnydero2@delicious.com;China
868;wgilberto3@mapquest.com;Nigeria
869;cstewarto4@multiply.com;Sweden
870;jperkinso5@army.mil;Russia
871;cmillso6@craigslist.org;China
872;cwilliso7@samsung.com;Indonesia
873;jmorgano8@sun.com;Guatemala
874;ralvarezo9@spotify.com;Japan
875;rgeorgeoa@fotki.com;United States
876;drichardsob@studiopress.com;Dominican Republic
877;jwilliamsoc@patch.com;Tajikistan
878;rpalmerod@squidoo.com;Portugal
879;jdiazoe@thetimes.co.uk;South Africa
880;blawrenceof@businessweek.com;France
881;sperryog@reuters.com;Indonesia
882;kruizoh@skyrock.com;Sweden
883;lramirezoi@vimeo.com;Indonesia
884;jharrisonoj@utexas.edu;Russia
885;ecoxok@dailymotion.com;United States
886;jwillisol@sitemeter.com;China
887;dbaileyom@geocities.jp;Poland
888;sjordanon@slideshare.net;China
889;acolemanoo@psu.edu;Canada
890;dandrewsop@plala.or.jp;Philippines
891;jshawoq@abc.net.au;Sweden
892;tfrazieror@bravesites.com;Portugal
893;lmarshallos@slideshare.net;Canada
894;astephensot@devhub.com;Tanzania
895;akimou@cam.ac.uk;Albania
896;jolsonov@hp.com;China
897;phansonow@google.com.au;South Africa
898;dlarsonox@feedburner.com;China
899;kdanielsoy@walmart.com;Russia
900;fburnsoz@w3.org;Brazil
901;jgeorgep0@archive.org;Slovenia
902;gnicholsp1@ustream.tv;Indonesia
903;bhayesp2@oakley.com;Ireland
904;mpiercep3@vk.com;Peru
905;dwilliamsonp4@freewebs.com;Egypt
906;cstevensp5@scribd.com;Brazil
907;breidp6@ehow.com;China
908;wfieldsp7@mysql.com;Russia
909;jperkinsp8@japanpost.jp;Ukraine
910;amillsp9@ycombinator.com;Mexico
911;cburkepa@timesonline.co.uk;Philippines
912;ctorrespb@tumblr.com;Indonesia
913;wdavispc@ebay.co.uk;Russia
914;tthomaspd@virginia.edu;China
915;pruizpe@example.com;Indonesia
916;jfieldspf@redcross.org;China
917;cfernandezpg@alexa.com;Mexico
918;shenryph@lulu.com;Argentina
919;emorganpi@spotify.com;Morocco
920;cjenkinspj@ucsd.edu;China
921;mfullerpk@europa.eu;Nigeria
922;cfernandezpl@icio.us;Philippines
923;egarzapm@intel.com;Czech Republic
924;eellispn@utexas.edu;China
925;joliverpo@illinois.edu;Colombia
926;jadamspp@opensource.org;Greece
927;dcooperpq@dion.ne.jp;China
928;jvasquezpr@ca.gov;Czech Republic
929;sscottps@creativecommons.org;Brazil
930;kgrahampt@opera.com;Jamaica
931;jwagnerpu@guardian.co.uk;Belarus
932;sstephenspv@cbsnews.com;China
933;kbryantpw@buzzfeed.com;Indonesia
934;jscottpx@angelfire.com;Thailand
935;ddixonpy@vinaora.com;Israel
936;kaustinpz@php.net;Brazil
937;brussellq0@vistaprint.com;Sweden
938;dhamiltonq1@imdb.com;China
939;rwatkinsq2@twitter.com;Philippines
940;apriceq3@sina.com.cn;China
941;jlopezq4@harvard.edu;Chile
942;kcarterq5@elpais.com;France
943;jpriceq6@zimbio.com;France
944;khudsonq7@nymag.com;Bangladesh
945;sgarciaq8@google.fr;Slovenia
946;bthomasq9@surveymonkey.com;United States
947;mwebbqa@tumblr.com;China
948;mkingqb@bloglines.com;Russia
949;jgutierrezqc@senate.gov;Thailand
950;sduncanqd@feedburner.com;China
951;sthomasqe@wikimedia.org;Indonesia
952;jfranklinqf@discuz.net;Sweden
953;spayneqg@lulu.com;Brazil
954;fbellqh@irs.gov;Argentina
955;jcoleqi@angelfire.com;Sweden
956;pyoungqj@jalbum.net;China
957;cthompsonqk@mediafire.com;Philippines
958;smoralesql@indiatimes.com;Venezuela
959;jmorganqm@twitpic.com;Indonesia
960;sbakerqn@geocities.jp;Poland
961;kharrisqo@acquirethisname.com;China
962;kfreemanqp@blogspot.com;China
963;jcarrqq@typepad.com;Philippines
964;gblackqr@europa.eu;China
965;dmorganqs@taobao.com;Sweden
966;alawrenceqt@goo.ne.jp;China
967;jfreemanqu@bloomberg.com;Argentina
968;jbellqv@so-net.ne.jp;Indonesia
969;psimmonsqw@homestead.com;Japan
970;hreedqx@cisco.com;United States
971;sgrantqy@xing.com;Poland
972;gmasonqz@amazonaws.com;Finland
973;dgrahamr0@vistaprint.com;China
974;abryantr1@chicagotribune.com;Colombia
975;cdavisr2@springer.com;China
976;ballenr3@discovery.com;Russia
977;bfrazierr4@angelfire.com;France
978;blongr5@google.com;China
979;cmoralesr6@salon.com;Ukraine
980;cevansr7@bluehost.com;Brazil
981;tbowmanr8@ed.gov;Tajikistan
982;jfowlerr9@mac.com;Argentina
983;jwagnerra@wikispaces.com;Indonesia
984;tsimsrb@taobao.com;France
985;ecoxrc@paypal.com;Philippines
986;lharveyrd@hhs.gov;Philippines
987;mmorrisre@yelp.com;Indonesia
988;amorganrf@ibm.com;Palestinian Territory
989;jfloresrg@seesaa.net;Indonesia
990;jharrisrh@jalbum.net;China
991;kriverari@storify.com;Russia
992;rcunninghamrj@google.co.jp;Bosnia and Herzegovina
993;cleerk@sbwire.com;Armenia
994;trichardsrl@hao123.com;China
995;khenryrm@live.com;Czech Republic
996;khudsonrn@nih.gov;Thailand
997;dgilbertro@youku.com;Russia
998;jhenryrp@arizona.edu;Portugal
999;sjonesrq@lycos.com;Russia
1000;dschmidtrr@elegantthemes.com;South Korea
