country,email,first_name,last_name,ip_address
Bolivia,rgarza0@webs.com,Ruby,Garza,240.134.44.206
Brazil,aelliott1@bing.com,Aaron,Elliott,152.100.124.108
Czech Republic,jwhite2@digg.com,Justin,White,54.217.164.25
China,kgreene3@wunderground.com,Kathy,Greene,112.221.92.2
Russia,bedwards4@dmoz.org,Brenda,Edwards,159.144.119.50
Russia,rcole5@who.int,Robert,Cole,47.175.7.236
China,fhawkins6@jimdo.com,Frank,Hawkins,26.182.27.77
Sweden,rclark7@geocities.com,Ralph,Clark,186.55.110.115
Palestinian Territory,vhawkins8@cnn.com,Victor,Hawkins,252.128.110.237
Thailand,cwagner9@wp.com,Cheryl,Wagner,128.87.92.19
,wgraya@google.com.hk,Wanda,Gray,252.243.91.98
,barmstrongb@topsy.com,Bobby,Armstrong,235.110.197.148
,wwilliamsonc@phpbb.com,Willie,Williamson,75.17.98.179
,thansond@sina.com.cn,Timothy,Hanson,217.40.4.119
,jalvareze@nps.gov,Judith,Alvarez,219.152.155.43
,lwoodsf@msu.edu,Lillian,Woods,57.138.49.87
,hcoxg@washington.edu,Howard,Cox,29.223.85.94
,vlynchh@surveymonkey.com,Virginia,Lynch,224.153.125.155
,ajonesi@pen.io,Alan,Jones,76.69.121.152
,mmasonj@yelp.com,Marilyn,Mason,36.89.189.61
,mperezk@blog.com,Martha,Perez,85.28.180.112
